componentA,componentB,x,y,z,dx,dy,dz
Crank,Ground,20.0,15.0,0.5445000000000001,1.4802973661668753e-16,1.0,0.0
Output,Ground,50.0,14.999999999999996,0.5445000000000001,-2.7755575615628914e-16,1.0,0.0
Coupler,Crank,7.398907744848594e-16,15.0,0.5445000000000001,0.0,1.0,0.0
Crank,Spring,3.699453869734414e-16,7.500000002153335,-0.16350000000000003,-1.1904181344372473e-12,1.0,0.0
CouplerTab,Coupler,-30.0,15.0,0.5445000000000001,0.0,1.0,0.0
Input,Spring,-24.000000000008942,7.500000002124764,-0.16350000000000003,-1.1904181344372473e-12,1.0,0.0
InputTab,Input,-44.00000000000894,7.499999991245646,0.5445000000000001,4.996003610813205e-16,1.0,0.0
